customerID,Churn,gender,SeniorCitizen,Partner,Dependents,tenure,PhoneService,MultipleLines,InternetService,OnlineSecurity,OnlineBackup,DeviceProtection,TechSupport,StreamingTV,StreamingMovies,Contract,PaperlessBilling,PaymentMethod,Charges.Monthly,Charges.Total
0047-ZHDTW,,Female,0,No,No,11,Yes,Yes,Fiber optic,Yes,No,No,No,No,No,Month-to-month,Yes,Bank transfer (automatic),79.0,929.3
0120-YZLQA,,Male,0,No,No,71,Yes,No,No,No internet service,No internet service,No internet service,No internet service,No internet service,No internet service,Two year,Yes,Credit card (automatic),19.9,1355.1
0154-QYHJU,,Male,0,No,No,29,Yes,No,DSL,Yes,Yes,No,Yes,No,No,One year,Yes,Electronic check,58.75,1696.2
0162-RZGMZ,,Female,1,No,No,5,Yes,No,DSL,Yes,Yes,No,Yes,No,No,Month-to-month,No,Credit card (automatic),59.9,287.85
0274-VVQOQ,,Male,1,Yes,No,65,Yes,Yes,Fiber optic,No,Yes,Yes,No,Yes,Yes,One year,Yes,Bank transfer (automatic),103.15,6792.45
0328-IBUPK,,Female,0,Yes,Yes,51,No,No phone service,DSL,Yes,No,No,Yes,No,No,Two year,No,Bank transfer (automatic),34.2,1782
0448-YZNZE,,Male,1,Yes,No,27,Yes,Yes,Fiber optic,No,Yes,Yes,No,No,Yes,Month-to-month,Yes,Electronic check,95.55,2510.2
0510-EXSMQ,,Female,0,No,No,9,Yes,No,Fiber optic,No,No,No,No,No,No,Month-to-month,No,Electronic check,69.05,651.5
0530-HBKHZ,,Female,1,Yes,No,1,No,No phone service,DSL,No,No,No,No,No,No,Month-to-month,Yes,Electronic check,24.8,24.8
0534-JRNIG,,Female,0,No,No,6,Yes,Yes,Fiber optic,No,No,No,No,Yes,Yes,Month-to-month,Yes,Bank transfer (automatic),93.55,536.4
0542-YUDZL,,Female,0,Yes,Yes,14,Yes,Yes,No,No internet service,No internet service,No internet service,No internet service,No internet service,No internet service,Month-to-month,No,Mailed check,25.55,372.45
0548-BCTNE,,Male,0,No,No,48,Yes,Yes,Fiber optic,No,Yes,Yes,No,Yes,Yes,One year,Yes,Credit card (automatic),106.1,5082.8
0567-DLARH,,Female,0,Yes,Yes,30,No,No phone service,DSL,No,No,No,Yes,Yes,Yes,Month-to-month,No,Credit card (automatic),51.2,1561.5
0622-OCUQY,,Male,0,No,No,44,Yes,No,No,No internet service,No internet service,No internet service,No internet service,No internet service,No internet service,Two year,No,Mailed check,20.05,845.25
0639-QDHAY,,Female,0,No,No,22,Yes,No,Fiber optic,Yes,No,No,Yes,No,Yes,Month-to-month,Yes,Electronic check,89.05,1886.25
0699-XSLUE,,Male,0,Yes,Yes,71,Yes,Yes,DSL,Yes,No,Yes,Yes,Yes,Yes,One year,No,Electronic check,85.45,6300.85
0769-WXZYU,,Male,0,No,No,34,Yes,Yes,No,No internet service,No internet service,No internet service,No internet service,No internet service,No internet service,Two year,No,Bank transfer (automatic),26.1,980.35
0840-JCCUW,,Female,0,Yes,No,2,Yes,No,DSL,No,No,No,No,No,No,Month-to-month,Yes,Electronic check,45.0,89.75
0910-AJOHQ,,Female,0,No,No,64,Yes,Yes,Fiber optic,Yes,Yes,Yes,Yes,Yes,Yes,Two year,Yes,Bank transfer (automatic),115.1,7334.05
0950-TZGED,,Male,0,No,No,56,Yes,Yes,No,No internet service,No internet service,No internet service,No internet service,No internet service,No internet service,Two year,Yes,Bank transfer (automatic),25.95,1444.05
0968-FTNYZ,,Female,0,No,Yes,13,Yes,No,DSL,Yes,Yes,No,No,No,No,Month-to-month,Yes,Electronic check,56.0,764.55
1058-CIYUA,,Female,1,Yes,No,52,Yes,Yes,Fiber optic,No,Yes,Yes,No,Yes,Yes,One year,Yes,Electronic check,106.5,5621.85
1119-VJAQV,,Male,1,Yes,No,6,Yes,Yes,Fiber optic,No,No,Yes,No,No,No,Month-to-month,Yes,Electronic check,80.8,457.1
1195-UQFHQ,,Male,0,No,No,61,Yes,Yes,Fiber optic,Yes,No,Yes,No,Yes,Yes,One year,No,Electronic check,104.0,6363.45
1232-TPUYA,,Female,1,Yes,No,1,Yes,No,Fiber optic,No,No,No,No,No,No,Month-to-month,Yes,Electronic check,69.55,69.55
1235-GPKNS,,Female,0,No,Yes,5,Yes,No,DSL,No,No,No,No,No,No,Month-to-month,No,Mailed check,46.0,221.7
1268-VSSGL,,Male,0,Yes,No,4,Yes,No,Fiber optic,No,No,No,No,No,No,Month-to-month,No,Electronic check,70.5,294.2
1289-RKJJR,,Male,0,No,No,28,Yes,No,Fiber optic,No,No,Yes,Yes,No,Yes,Month-to-month,No,Electronic check,91.0,2626.15
1314-HQHAL,,Male,0,No,No,58,Yes,No,No,No internet service,No internet service,No internet service,No internet service,No internet service,No internet service,Two year,No,Credit card (automatic),20.3,1131.5
1370-AQYEM,,Male,0,Yes,Yes,5,Yes,No,Fiber optic,Yes,No,Yes,No,No,Yes,Month-to-month,Yes,Mailed check,90.35,434.5
1395-QOUWC,,Female,0,Yes,Yes,22,Yes,No,DSL,No,Yes,No,No,Yes,Yes,One year,Yes,Bank transfer (automatic),69.5,1498.2
1427-GOPMO,,Male,0,No,No,57,Yes,Yes,Fiber optic,No,No,No,No,Yes,No,One year,Yes,Electronic check,86.9,4939.25
1428-QPOOL,,Female,0,Yes,Yes,65,Yes,Yes,DSL,Yes,Yes,No,Yes,Yes,Yes,Two year,Yes,Bank transfer (automatic),82.5,5215.1
1645-EFCGT,,Male,0,Yes,Yes,72,Yes,No,No,No internet service,No internet service,No internet service,No internet service,No internet service,No internet service,Two year,No,Credit card (automatic),19.4,1363.25
1676-BZZYV,,Male,0,Yes,Yes,55,Yes,No,No,No internet service,No internet service,No internet service,No internet service,No internet service,No internet service,One year,No,Mailed check,19.5,1026.35
1736-FCXMC,,Male,0,No,No,56,Yes,Yes,Fiber optic,No,Yes,No,Yes,No,Yes,Month-to-month,Yes,Electronic check,94.45,5124.6
1766-UMRDB,,Male,1,No,No,34,Yes,No,Fiber optic,No,No,No,No,No,No,Month-to-month,No,Credit card (automatic),69.15,2275.1
1867-RAWZK,,Male,0,Yes,Yes,19,Yes,Yes,Fiber optic,No,No,Yes,Yes,Yes,Yes,Month-to-month,No,Electronic check,103.3,2012.7
1972-RSMOV,,Female,0,Yes,No,40,Yes,No,No,No internet service,No internet service,No internet service,No internet service,No internet service,No internet service,Two year,No,Mailed check,19.1,780.1
1975-FCJTE,,Female,0,Yes,No,45,Yes,Yes,No,No internet service,No internet service,No internet service,No internet service,No internet service,No internet service,Two year,No,Mailed check,25.5,1121.05
2183-ZULVZ,,Female,0,Yes,Yes,70,Yes,Yes,Fiber optic,Yes,Yes,Yes,Yes,Yes,Yes,Two year,Yes,Credit card (automatic),115.15,8250
2353-VPYNS,,Male,1,No,No,1,Yes,Yes,Fiber optic,No,No,No,No,No,No,Month-to-month,Yes,Electronic check,73.65,73.65
2424-GXJQO,,Female,0,No,No,3,Yes,No,DSL,No,No,Yes,No,Yes,No,Month-to-month,No,Electronic check,57.55,161.45
2508-QJJFP,,Male,0,No,Yes,47,Yes,No,No,No internet service,No internet service,No internet service,No internet service,No internet service,No internet service,One year,No,Credit card (automatic),20.55,1013.05
2550-ZQZPP,,Male,1,Yes,No,7,Yes,Yes,Fiber optic,No,No,No,No,No,No,Month-to-month,Yes,Electronic check,75.4,533.05
2575-EAMDV,,Female,0,No,No,35,Yes,No,Fiber optic,No,No,Yes,Yes,Yes,Yes,One year,Yes,Electronic check,99.25,3532
2599-GTQWQ,,Male,1,No,No,39,Yes,Yes,Fiber optic,No,No,No,No,Yes,Yes,Month-to-month,Yes,Bank transfer (automatic),95.65,3759.05
2642-NQSNM,,Female,0,No,No,8,Yes,No,DSL,Yes,No,No,Yes,No,No,One year,No,Bank transfer (automatic),54.25,447.75
2672-SXZJB,,Female,0,Yes,Yes,56,Yes,No,No,No internet service,No internet service,No internet service,No internet service,No internet service,No internet service,Two year,Yes,Credit card (automatic),19.8,1119.9
2855-QOWGP,,Male,0,No,Yes,34,Yes,Yes,Fiber optic,Yes,Yes,No,No,Yes,Yes,One year,Yes,Electronic check,103.8,3470.8
2956-MHLSX,,Male,0,No,No,1,Yes,No,DSL,No,Yes,No,No,No,No,Month-to-month,No,Electronic check,50.8,50.8
2991-OKAXW,,Male,0,No,No,44,No,No phone service,DSL,No,Yes,Yes,No,Yes,Yes,One year,Yes,Mailed check,53.95,2375.4
3007-KYUNZ,,Female,0,Yes,Yes,19,Yes,Yes,No,No internet service,No internet service,No internet service,No internet service,No internet service,No internet service,Two year,No,Mailed check,25.6,485.9
3012-OALWM,,Male,0,No,No,9,Yes,No,Fiber optic,Yes,No,No,No,No,No,Month-to-month,No,Electronic check,75.6,661.55
3018-DZHFE,,Male,0,No,No,1,Yes,No,No,No internet service,No internet service,No internet service,No internet service,No internet service,No internet service,Month-to-month,No,Mailed check,19.55,19.55
3078-NDXXG,,Female,0,No,No,44,Yes,Yes,DSL,No,No,No,No,No,No,Month-to-month,Yes,Mailed check,50.15,2139.1
3134-JCVOE,,Female,0,No,No,3,No,No phone service,DSL,No,Yes,No,No,No,No,Month-to-month,No,Mailed check,29.2,98.5
3161-PJNCN,,Female,1,Yes,No,67,Yes,No,No,No internet service,No internet service,No internet service,No internet service,No internet service,No internet service,Two year,Yes,Bank transfer (automatic),20.05,1263.05
3337-EUOON,,Male,0,Yes,Yes,69,Yes,Yes,No,No internet service,No internet service,No internet service,No internet service,No internet service,No internet service,Two year,Yes,Bank transfer (automatic),26.0,1796.55
3345-CSCIA,,Male,0,No,No,68,Yes,Yes,DSL,Yes,Yes,Yes,No,No,Yes,One year,Yes,Credit card (automatic),76.9,5023
3394-UQYIB,,Female,1,Yes,No,2,Yes,No,DSL,No,Yes,No,No,No,No,Month-to-month,No,Credit card (automatic),50.15,115.1
3443-KUJWU,,Male,0,Yes,No,47,Yes,Yes,Fiber optic,No,Yes,Yes,No,Yes,Yes,Month-to-month,Yes,Electronic check,104.1,5135.15
3485-REZCX,,Male,0,No,No,64,Yes,Yes,Fiber optic,Yes,Yes,No,No,No,No,One year,Yes,Credit card (automatic),84.3,5289.05
3590-DWSLF,,Female,0,No,No,70,Yes,Yes,Fiber optic,Yes,Yes,Yes,Yes,Yes,Yes,One year,No,Credit card (automatic),115.55,8127.6
3601-UTZXO,,Male,0,Yes,Yes,41,Yes,No,No,No internet service,No internet service,No internet service,No internet service,No internet service,No internet service,One year,No,Bank transfer (automatic),19.5,798.2
3643-VBLHT,,Male,0,No,Yes,29,No,No phone service,DSL,Yes,Yes,Yes,Yes,No,No,Month-to-month,Yes,Mailed check,45.0,1242.45
3660-ENEST,,Female,1,Yes,No,72,Yes,Yes,DSL,Yes,Yes,Yes,No,Yes,Yes,Two year,Yes,Credit card (automatic),84.1,6129.65
3680-ISIKN,,Male,0,No,No,22,Yes,Yes,No,No internet service,No internet service,No internet service,No internet service,No internet service,No internet service,Two year,No,Mailed check,25.25,566.5
3728-SDRGN,,Male,0,No,Yes,1,Yes,No,No,No internet service,No internet service,No internet service,No internet service,No internet service,No internet service,Month-to-month,No,Mailed check,19.25,19.25
3775-TDLCC,,Male,0,Yes,Yes,67,Yes,Yes,Fiber optic,No,Yes,Yes,No,No,No,One year,No,Electronic check,87.4,5918.8
3781-LIPVO,,Female,0,Yes,No,7,Yes,Yes,Fiber optic,No,No,No,No,Yes,No,Month-to-month,Yes,Electronic check,86.5,582.5
3803-QHPWH,,Female,1,Yes,No,29,No,No phone service,DSL,Yes,No,Yes,No,No,Yes,Month-to-month,Yes,Electronic check,45.0,1228.65
3995-RWMUH,,Male,0,No,No,7,Yes,No,DSL,No,No,No,No,No,No,Month-to-month,Yes,Bank transfer (automatic),44.65,322.5
4047-GGUUG,,Female,0,No,No,12,Yes,No,No,No internet service,No internet service,No internet service,No internet service,No internet service,No internet service,Month-to-month,No,Bank transfer (automatic),19.45,227.45
4060-BTPXO,,Female,0,Yes,No,67,Yes,Yes,Fiber optic,No,Yes,Yes,No,Yes,Yes,One year,Yes,Bank transfer (automatic),105.7,6816.95
4087-ULYNQ,,Female,0,Yes,Yes,47,Yes,No,No,No internet service,No internet service,No internet service,No internet service,No internet service,No internet service,Two year,No,Credit card (automatic),20.25,873.4
4102-BEFEK,,Male,0,No,No,62,Yes,No,No,No internet service,No internet service,No internet service,No internet service,No internet service,No internet service,Two year,Yes,Credit card (automatic),20.05,1201.65
4123-VPQTQ,,Female,0,No,No,3,Yes,No,No,No internet service,No internet service,No internet service,No internet service,No internet service,No internet service,Month-to-month,No,Electronic check,19.55,61.05
4140-TOILV,,Male,0,Yes,No,22,Yes,No,Fiber optic,No,No,Yes,No,Yes,No,Month-to-month,Yes,Bank transfer (automatic),87.0,1850.65
4250-QVQRU,,Male,0,No,Yes,2,Yes,No,No,No internet service,No internet service,No internet service,No internet service,No internet service,No internet service,Month-to-month,No,Mailed check,19.25,48.35
4268-YNAHK,,Male,0,No,Yes,33,Yes,No,No,No internet service,No internet service,No internet service,No internet service,No internet service,No internet service,One year,Yes,Mailed check,20.15,682.15
4290-UZSKY,,Female,0,No,No,4,Yes,No,Fiber optic,No,No,No,No,Yes,No,Month-to-month,Yes,Electronic check,79.0,303.15
4438-GGYWL,,Male,0,Yes,Yes,62,Yes,Yes,Fiber optic,Yes,Yes,Yes,Yes,Yes,Yes,Two year,No,Bank transfer (automatic),115.55,7159.05
4468-MLDTH,,Male,0,No,No,4,Yes,No,DSL,No,No,No,Yes,Yes,No,Month-to-month,Yes,Electronic check,61.3,249.4
4471-OIIDG,,Female,0,No,No,10,Yes,Yes,Fiber optic,No,No,Yes,No,Yes,Yes,Month-to-month,Yes,Electronic check,100.6,1060.2
4477-QAXWD,,Male,0,Yes,No,25,No,No phone service,DSL,No,No,Yes,No,Yes,No,One year,Yes,Credit card (automatic),38.1,970.4
4498-WRAJX,,Male,1,Yes,Yes,71,Yes,Yes,Fiber optic,Yes,Yes,No,No,Yes,Yes,Month-to-month,Yes,Credit card (automatic),105.1,7548.1
4536-IPCKQ,,Male,0,No,No,56,Yes,Yes,Fiber optic,No,Yes,No,No,Yes,Yes,Month-to-month,No,Electronic check,98.6,5581.05
4555-YIGPD,,Female,0,No,Yes,4,No,No phone service,DSL,Yes,Yes,Yes,No,Yes,Yes,Month-to-month,Yes,Mailed check,57.2,223.75
4585-XOMAN,,Male,1,Yes,No,34,Yes,No,Fiber optic,No,No,Yes,No,Yes,No,Month-to-month,Yes,Credit card (automatic),85.2,2874.45
4603-FDONU,,Female,0,Yes,Yes,32,No,No phone service,DSL,Yes,Yes,No,No,No,No,Month-to-month,Yes,Electronic check,35.15,1051.05
4610-WUVVT,,Male,1,Yes,Yes,46,Yes,Yes,Fiber optic,Yes,Yes,Yes,No,Yes,No,Month-to-month,Yes,Electronic check,100.7,4541.2
4626-JYHAY,,Female,1,No,No,20,Yes,Yes,Fiber optic,No,Yes,Yes,No,No,Yes,Month-to-month,Yes,Electronic check,94.1,1782.4
4674-LRJIC,,Female,0,No,No,1,Yes,No,Fiber optic,No,No,Yes,No,Yes,Yes,Month-to-month,No,Electronic check,94.4,94.4
4691-NEWPF,,Male,0,Yes,No,11,Yes,No,DSL,No,No,No,No,No,No,Month-to-month,Yes,Bank transfer (automatic),45.9,521.9
4762-XTUEC,,Female,0,Yes,No,67,Yes,Yes,Fiber optic,No,Yes,Yes,Yes,Yes,Yes,One year,Yes,Credit card (automatic),109.7,7344.45
4805-ZRGEZ,,Male,1,Yes,No,61,Yes,Yes,DSL,No,Yes,No,No,No,Yes,One year,No,Bank transfer (automatic),64.05,3902.6
4878-SMQBX,,Female,0,No,No,2,Yes,No,No,No internet service,No internet service,No internet service,No internet service,No internet service,No internet service,Month-to-month,No,Bank transfer (automatic),18.75,53.15
4946-VTTND,,Male,0,Yes,No,8,Yes,No,Fiber optic,Yes,No,No,No,No,No,Month-to-month,Yes,Mailed check,75.0,658.1
4988-BNLTU,,Male,0,No,No,30,Yes,Yes,Fiber optic,Yes,No,No,No,Yes,Yes,Month-to-month,Yes,Bank transfer (automatic),100.4,2936.25
4988-RZJHG,,Female,0,Yes,No,8,Yes,Yes,Fiber optic,No,No,No,No,No,Yes,Month-to-month,Yes,Electronic check,84.9,764.95
5083-QPLHM,,Male,0,Yes,Yes,14,Yes,No,DSL,Yes,Yes,No,No,Yes,No,Month-to-month,Yes,Electronic check,65.45,937.6
5134-RCXTN,,Female,1,Yes,No,50,Yes,Yes,No,No internet service,No internet service,No internet service,No internet service,No internet service,No internet service,One year,No,Electronic check,25.2,1306.3
5206-YQKMK,,Female,0,No,No,25,Yes,Yes,No,No internet service,No internet service,No internet service,No internet service,No internet service,No internet service,Two year,No,Credit card (automatic),24.75,692.1
5235-XATIX,,Male,0,No,Yes,22,Yes,No,Fiber optic,No,Yes,Yes,No,Yes,No,Month-to-month,Yes,Electronic check,89.4,2001.5
5243-NIEIT,,Male,0,Yes,No,14,Yes,Yes,Fiber optic,No,No,No,No,No,Yes,Month-to-month,Yes,Electronic check,85.15,1139.2
5264-IWHMU,,Male,0,No,No,1,Yes,No,DSL,No,No,No,Yes,No,No,Month-to-month,No,Mailed check,49.05,49.05
5285-TWCNP,,Female,1,No,No,70,Yes,Yes,DSL,No,Yes,Yes,Yes,Yes,No,Two year,Yes,Bank transfer (automatic),75.5,5212.65
5332-UJJBL,,Male,0,No,No,4,Yes,No,No,No internet service,No internet service,No internet service,No internet service,No internet service,No internet service,Month-to-month,No,Mailed check,19.0,73.45
5365-FJKGQ,,Male,0,No,No,25,Yes,No,Fiber optic,No,No,No,No,No,No,Month-to-month,No,Mailed check,70.95,1767.35
5425-GQTTT,,Male,0,Yes,Yes,68,Yes,Yes,No,No internet service,No internet service,No internet service,No internet service,No internet service,No internet service,Two year,Yes,Bank transfer (automatic),24.0,1664.3
5499-MBERC,,Male,0,No,No,3,No,No phone service,DSL,No,Yes,No,No,No,No,Month-to-month,Yes,Electronic check,29.6,79.45
5570-ZGMEU,,Male,0,Yes,Yes,72,Yes,No,Fiber optic,Yes,No,Yes,Yes,Yes,Yes,Two year,Yes,Credit card (automatic),104.9,7559.55
5585-WEFDD,,Female,0,Yes,Yes,4,Yes,No,No,No internet service,No internet service,No internet service,No internet service,No internet service,No internet service,Month-to-month,No,Mailed check,20.35,76.35
5653-ITXJK,,Female,0,Yes,No,31,Yes,No,DSL,No,No,No,Yes,No,No,Month-to-month,Yes,Mailed check,49.2,1498.55
5761-BYYZA,,Female,0,Yes,Yes,38,Yes,No,No,No internet service,No internet service,No internet service,No internet service,No internet service,No internet service,One year,No,Credit card (automatic),19.6,763.1
5766-RLNAM,,Male,0,Yes,No,72,Yes,Yes,Fiber optic,Yes,Yes,Yes,Yes,Yes,Yes,Two year,Yes,Electronic check,115.55,8425.3
5888-TLMCL,,Female,0,Yes,Yes,69,No,No phone service,DSL,No,Yes,Yes,No,Yes,Yes,Two year,Yes,Credit card (automatic),54.95,3772.5
5943-PWAPA,,Female,0,Yes,No,53,Yes,No,Fiber optic,No,No,No,Yes,Yes,Yes,One year,Yes,Electronic check,93.45,4872.2
6016-EJGNT,,Female,0,Yes,Yes,48,Yes,Yes,Fiber optic,Yes,Yes,No,No,Yes,Yes,One year,Yes,Credit card (automatic),103.25,5037.55
6016-QSKVI,,Male,0,No,No,4,Yes,No,Fiber optic,Yes,Yes,No,Yes,No,Yes,Month-to-month,Yes,Mailed check,94.9,360.55
6022-MXOMF,,Female,1,No,No,1,Yes,Yes,Fiber optic,No,No,No,No,No,No,Month-to-month,Yes,Electronic check,74.2,74.2
6037-WPJRP,,Female,0,No,No,13,Yes,Yes,Fiber optic,No,No,No,No,No,No,Month-to-month,Yes,Mailed check,75.0,999.45
6039-RVSJV,,Female,0,No,No,1,Yes,No,No,No internet service,No internet service,No internet service,No internet service,No internet service,No internet service,Month-to-month,No,Mailed check,19.85,19.85
6072-YUBLX,,Male,1,Yes,No,61,Yes,Yes,Fiber optic,No,Yes,Yes,Yes,Yes,No,One year,Yes,Mailed check,98.3,6066.55
6167-SYRNG,,Male,1,Yes,No,59,No,No phone service,DSL,Yes,No,Yes,Yes,Yes,Yes,Two year,Yes,Credit card (automatic),64.05,3886.85
6225-VNQSJ,,Male,0,No,No,1,No,No phone service,DSL,No,No,No,No,No,Yes,Month-to-month,Yes,Electronic check,35.45,35.45
6271-PRTUU,,Female,0,Yes,Yes,28,Yes,No,No,No internet service,No internet service,No internet service,No internet service,No internet service,No internet service,Month-to-month,Yes,Bank transfer (automatic),19.55,543.8
6272-HWGNQ,,Female,0,No,No,1,Yes,Yes,Fiber optic,No,No,No,No,No,Yes,Month-to-month,Yes,Electronic check,85.0,85
6303-APKJD,,Male,1,Yes,No,57,Yes,Yes,Fiber optic,No,Yes,No,No,No,Yes,Month-to-month,Yes,Electronic check,89.85,4925.35
6319-ZXCPZ,,Male,0,Yes,No,60,Yes,Yes,Fiber optic,No,Yes,Yes,No,Yes,No,Month-to-month,Yes,Electronic check,95.75,5742.9
6381-LOPCO,,Male,0,No,No,1,Yes,No,Fiber optic,No,No,No,No,No,No,Month-to-month,Yes,Electronic check,69.8,69.8
6385-MVEPL,,Male,0,Yes,Yes,64,Yes,No,DSL,Yes,No,Yes,Yes,Yes,No,Two year,No,Mailed check,69.25,4447.75
6463-CCMII,,Male,0,No,No,34,Yes,No,No,No internet service,No internet service,No internet service,No internet service,No internet service,No internet service,Month-to-month,No,Mailed check,19.7,675.6
6507-MIKMI,,Female,0,No,No,41,Yes,Yes,Fiber optic,No,Yes,Yes,No,Yes,Yes,Month-to-month,Yes,Electronic check,106.3,4443.45
6508-TFQQW,,Male,1,Yes,No,1,Yes,No,Fiber optic,No,No,No,No,No,No,Month-to-month,Yes,Electronic check,70.3,70.3
6519-JNHOZ,,Female,0,Yes,No,48,Yes,No,DSL,No,Yes,Yes,No,No,Yes,One year,Yes,Electronic check,65.65,3094.65
6532-YOHZY,,Male,0,Yes,Yes,45,Yes,Yes,Fiber optic,No,Yes,Yes,Yes,Yes,Yes,Two year,Yes,Bank transfer (automatic),109.75,4900.65
6547-ETRKK,,Female,0,Yes,No,53,Yes,No,No,No internet service,No internet service,No internet service,No internet service,No internet service,No internet service,One year,No,Bank transfer (automatic),20.8,1021.8
6554-ONRKJ,,Male,0,No,Yes,39,No,No phone service,DSL,No,No,Yes,Yes,Yes,Yes,One year,No,Bank transfer (automatic),54.85,2191.7
6648-RXFRG,,Male,0,No,No,7,Yes,Yes,Fiber optic,No,No,No,No,No,Yes,Month-to-month,Yes,Electronic check,86.8,620.35
6724-JVHVX,,Male,0,No,Yes,9,Yes,No,No,No internet service,No internet service,No internet service,No internet service,No internet service,No internet service,Month-to-month,No,Mailed check,20.4,184.1
6736-DRVEW,,Female,1,No,No,33,Yes,Yes,Fiber optic,No,Yes,Yes,Yes,Yes,Yes,Month-to-month,Yes,Electronic check,110.45,3655.45
6750-FCEKS,,Male,0,No,No,2,No,No phone service,DSL,No,No,No,Yes,No,No,Month-to-month,No,Bank transfer (automatic),29.85,75.6
6807-HWZBE,,Male,0,Yes,No,2,Yes,Yes,Fiber optic,No,No,Yes,No,Yes,No,Month-to-month,Yes,Electronic check,91.45,171.45
6820-THWHI,,Female,1,Yes,No,72,Yes,Yes,No,No internet service,No internet service,No internet service,No internet service,No internet service,No internet service,Two year,No,Bank transfer (automatic),24.3,1778.7
6831-CJPWG,,Male,0,Yes,No,54,Yes,Yes,Fiber optic,Yes,Yes,Yes,No,Yes,Yes,Month-to-month,No,Electronic check,109.55,6118.95
6840-YEOYJ,,Male,0,No,Yes,53,Yes,No,DSL,Yes,Yes,No,Yes,No,No,One year,No,Credit card (automatic),62.85,3419.5
6895-ZJKIO,,Female,0,No,No,1,Yes,No,No,No internet service,No internet service,No internet service,No internet service,No internet service,No internet service,Month-to-month,No,Bank transfer (automatic),19.9,19.9
7026-TPCZX,,Male,0,Yes,Yes,69,Yes,No,Fiber optic,Yes,Yes,No,Yes,Yes,Yes,Two year,Yes,Credit card (automatic),106.35,7261.75
7069-PURBI,,Female,0,Yes,No,14,Yes,No,No,No internet service,No internet service,No internet service,No internet service,No internet service,No internet service,Two year,No,Mailed check,20.4,292.4
7115-SIPGA,,Male,0,No,Yes,69,Yes,Yes,DSL,Yes,Yes,Yes,Yes,Yes,No,Two year,Yes,Credit card (automatic),79.45,5502.55
7117-EVURU,,Male,0,No,No,39,No,No phone service,DSL,Yes,Yes,No,Yes,Yes,No,Month-to-month,Yes,Credit card (automatic),48.95,1880.85
7132-EASOG,,Male,0,Yes,Yes,7,Yes,No,No,No internet service,No internet service,No internet service,No internet service,No internet service,No internet service,One year,No,Mailed check,20.65,150
7165-CNJFG,,Male,1,Yes,No,35,Yes,Yes,Fiber optic,Yes,Yes,No,No,No,Yes,Month-to-month,Yes,Electronic check,94.55,3365.4
7278-VXADF,,Male,1,Yes,No,16,Yes,Yes,Fiber optic,No,No,No,No,Yes,No,Month-to-month,Yes,Credit card (automatic),85.05,1391.15
7295-EXSMO,,Female,1,No,No,3,Yes,No,Fiber optic,No,No,Yes,No,No,No,Month-to-month,No,Mailed check,75.05,202.9
7305-PAPOZ,,Female,1,Yes,No,31,Yes,Yes,Fiber optic,No,No,No,No,No,Yes,Month-to-month,Yes,Electronic check,84.85,2633.4
7340-EBEMV,,Male,0,Yes,No,29,Yes,Yes,Fiber optic,No,Yes,No,No,No,No,Month-to-month,Yes,Bank transfer (automatic),80.15,2265.25
7372-IVBIM,,Male,0,Yes,Yes,4,Yes,No,DSL,No,No,No,Yes,No,Yes,Month-to-month,No,Credit card (automatic),61.45,229.55
7432-XWSQO,,Female,0,Yes,No,71,Yes,Yes,DSL,Yes,Yes,Yes,Yes,Yes,Yes,Two year,No,Electronic check,90.1,6310.9
7455-SDALK,,Male,0,Yes,Yes,29,Yes,No,Fiber optic,No,No,No,No,No,No,Month-to-month,Yes,Electronic check,70.75,1974.8
7491-UYKGO,,Female,1,No,No,53,Yes,No,Fiber optic,Yes,Yes,No,Yes,No,Yes,One year,Yes,Mailed check,96.75,5206.55
7586-NHQEA,,Female,0,No,No,10,No,No phone service,DSL,No,No,No,Yes,No,No,Two year,Yes,Mailed check,29.6,299.05
7606-GWMKE,,Male,0,No,Yes,21,Yes,Yes,No,No internet service,No internet service,No internet service,No internet service,No internet service,No internet service,Month-to-month,No,Mailed check,24.7,467.15
7637-IKUJQ,,Male,0,Yes,No,57,Yes,Yes,Fiber optic,Yes,Yes,Yes,Yes,Yes,No,Month-to-month,Yes,Electronic check,103.05,5925.75
7662-TWISV,,Female,0,No,Yes,51,No,No phone service,DSL,Yes,No,Yes,Yes,Yes,Yes,One year,No,Bank transfer (automatic),60.15,3077
7709-FQREH,,Female,0,Yes,No,18,Yes,Yes,Fiber optic,No,No,No,Yes,Yes,No,Month-to-month,Yes,Electronic check,88.85,1594.75
7766-CVTAF,,Male,0,Yes,Yes,43,Yes,Yes,No,No internet service,No internet service,No internet service,No internet service,No internet service,No internet service,Two year,No,Mailed check,24.25,1077.95
7808-NBWYW,,Female,1,Yes,No,3,Yes,No,Fiber optic,No,No,No,No,Yes,No,Month-to-month,Yes,Electronic check,80.4,224.05
7846-AXWOM,,Female,0,Yes,Yes,69,No,No phone service,DSL,Yes,No,Yes,No,No,Yes,Two year,Yes,Credit card (automatic),43.95,2960.1
7968-BCBQB,,Female,0,No,No,3,Yes,Yes,Fiber optic,No,No,No,No,No,No,Month-to-month,No,Bank transfer (automatic),74.4,215.8
7979-YHUFG,,Male,0,No,No,8,Yes,No,Fiber optic,No,No,No,No,No,No,Month-to-month,Yes,Mailed check,70.1,551.35
8029-GAHZZ,,Female,1,Yes,No,71,Yes,No,Fiber optic,Yes,Yes,Yes,Yes,Yes,Yes,Two year,Yes,Bank transfer (automatic),109.7,7904.25
8212-FSQIV,,Male,0,No,Yes,1,Yes,No,No,No internet service,No internet service,No internet service,No internet service,No internet service,No internet service,Month-to-month,Yes,Mailed check,20.25,20.25
8256-ERHVS,,Male,0,No,No,9,Yes,No,DSL,Yes,No,Yes,Yes,No,Yes,Month-to-month,Yes,Bank transfer (automatic),68.25,576.95
8256-TWSNM,,Male,0,Yes,Yes,6,Yes,No,Fiber optic,No,No,No,No,No,No,Month-to-month,Yes,Electronic check,69.8,377.85
8289-DXCFQ,,Female,0,No,No,1,Yes,Yes,DSL,No,No,No,No,No,No,Month-to-month,Yes,Mailed check,50.1,50.1
8353-CFNVI,,Male,0,No,No,43,Yes,Yes,Fiber optic,No,No,No,Yes,Yes,Yes,One year,Yes,Electronic check,100.0,4211.55
8386-OSYMC,,Female,0,Yes,Yes,58,Yes,Yes,Fiber optic,No,Yes,Yes,No,Yes,Yes,One year,Yes,Credit card (automatic),105.2,6225.4
8530-KXSOX,,Male,0,Yes,No,68,Yes,Yes,No,No internet service,No internet service,No internet service,No internet service,No internet service,No internet service,Two year,No,Bank transfer (automatic),25.25,1728.2
8649-VYTUC,,Male,0,No,No,24,Yes,No,Fiber optic,No,No,No,No,Yes,Yes,Month-to-month,Yes,Electronic check,90.35,2238.5
8732-BBLMG,,Female,0,No,No,5,No,No phone service,DSL,No,Yes,No,No,Yes,Yes,Month-to-month,Yes,Credit card (automatic),50.95,229.4
8754-GZCEH,,Female,0,Yes,No,25,Yes,No,Fiber optic,No,No,No,Yes,Yes,Yes,Month-to-month,Yes,Electronic check,95.15,2395.7
8774-QWEBD,,Male,0,Yes,Yes,40,Yes,No,No,No internet service,No internet service,No internet service,No internet service,No internet service,No internet service,Month-to-month,Yes,Bank transfer (automatic),20.4,745.3
8793-IZZRV,,Male,0,No,No,4,No,No phone service,DSL,No,No,No,No,Yes,Yes,Month-to-month,Yes,Electronic check,44.55,174.3
8920-VTVET,,Female,0,No,No,68,Yes,No,No,No internet service,No internet service,No internet service,No internet service,No internet service,No internet service,Two year,No,Bank transfer (automatic),20.05,1386.9
8933-FSHGW,,Female,1,Yes,No,25,Yes,No,Fiber optic,No,No,No,No,No,No,Month-to-month,Yes,Electronic check,69.3,1813.1
8937-FVBIE,,Male,0,Yes,No,67,Yes,No,Fiber optic,Yes,Yes,No,No,No,Yes,One year,Yes,Credit card (automatic),90.6,6056.15
8939-ORHIW,,Male,0,Yes,Yes,34,No,No phone service,DSL,No,No,Yes,Yes,Yes,No,Month-to-month,Yes,Electronic check,44.85,1442.6
8954-HKVWG,,Female,0,Yes,No,2,Yes,No,DSL,No,No,No,No,No,No,Month-to-month,Yes,Credit card (automatic),44.6,80.55
8977-NIXDF,,Male,0,Yes,Yes,9,Yes,No,No,No internet service,No internet service,No internet service,No internet service,No internet service,No internet service,Two year,No,Mailed check,19.6,197.4
9078-GDRPJ,,Female,0,Yes,Yes,63,Yes,Yes,Fiber optic,Yes,Yes,Yes,No,Yes,No,Month-to-month,Yes,Electronic check,100.55,6215.35
9162-MVWXH,,Male,0,No,No,1,Yes,No,DSL,No,No,No,No,No,No,Month-to-month,Yes,Mailed check,45.7,45.7
9182-EFTQG,,Female,0,Yes,Yes,41,Yes,Yes,DSL,Yes,Yes,Yes,No,Yes,No,One year,Yes,Credit card (automatic),78.35,3211.2
9218-TUMIQ,,Female,0,Yes,Yes,62,Yes,No,Fiber optic,No,Yes,Yes,No,Yes,Yes,Month-to-month,Yes,Electronic check,100.15,6283.3
9228-KNQVN,,Female,0,Yes,No,59,Yes,Yes,Fiber optic,Yes,Yes,Yes,Yes,No,Yes,One year,Yes,Credit card (automatic),107.0,6152.3
9239-YGYBO,,Female,0,Yes,Yes,13,Yes,No,DSL,Yes,No,No,Yes,No,No,One year,No,Bank transfer (automatic),54.15,701.05
9243-TUYBL,,Male,1,Yes,No,28,Yes,Yes,Fiber optic,No,Yes,No,Yes,Yes,Yes,Month-to-month,Yes,Electronic check,105.8,2998
9364-HVJRK,,Male,0,No,No,8,Yes,No,DSL,No,No,No,No,No,No,Month-to-month,Yes,Mailed check,45.15,438.4
9366-PGOCJ,,Male,0,No,No,57,Yes,No,DSL,No,Yes,No,Yes,No,No,One year,Yes,Mailed check,54.65,3134.7
9371-CLMGW,,Female,0,No,No,6,Yes,No,Fiber optic,No,No,No,No,Yes,Yes,Month-to-month,No,Electronic check,89.3,577.6
9395-RFMFG,,Male,0,Yes,Yes,8,Yes,No,DSL,No,No,No,No,Yes,No,Month-to-month,Yes,Electronic check,54.4,475.1
9456-ETVCM,,Male,0,No,No,12,Yes,Yes,Fiber optic,No,No,No,No,Yes,Yes,Month-to-month,No,Electronic check,94.55,1173.55
9477-UIFFV,,Male,0,No,No,1,Yes,No,No,No internet service,No internet service,No internet service,No internet service,No internet service,No internet service,Month-to-month,No,Mailed check,20.3,20.3
9499-EBKUR,,Male,0,No,No,72,Yes,Yes,DSL,Yes,No,Yes,Yes,Yes,Yes,Two year,No,Credit card (automatic),84.3,5997.1
9525-DKUVP,,Female,1,Yes,No,72,Yes,Yes,Fiber optic,No,Yes,Yes,Yes,Yes,Yes,Two year,Yes,Credit card (automatic),110.8,7882.25
9526-MJRPO,,Female,1,Yes,No,27,Yes,Yes,Fiber optic,Yes,No,No,Yes,Yes,Yes,Month-to-month,Yes,Bank transfer (automatic),104.3,2867.75
9617-SHSHO,,Female,0,No,No,53,Yes,No,Fiber optic,No,Yes,Yes,Yes,No,Yes,One year,Yes,Credit card (automatic),94.45,5042.75
9640-HXEAM,,Male,0,No,No,2,No,No phone service,DSL,No,Yes,Yes,Yes,No,No,Month-to-month,Yes,Credit card (automatic),40.4,77.15
9646-QWDSB,,Female,0,Yes,Yes,71,Yes,Yes,Fiber optic,Yes,No,Yes,Yes,No,Yes,Two year,No,Electronic check,100.45,7159.7
9659-UDJIJ,,Female,0,Yes,No,67,Yes,Yes,DSL,Yes,Yes,Yes,No,No,No,Two year,No,Mailed check,65.65,4322.85
9683-PSOSX,,Female,0,No,No,1,Yes,No,No,No internet service,No internet service,No internet service,No internet service,No internet service,No internet service,Month-to-month,Yes,Mailed check,19.55,19.55
9708-TKNTZ,,Female,0,Yes,Yes,6,Yes,No,No,No internet service,No internet service,No internet service,No internet service,No internet service,No internet service,One year,No,Mailed check,19.7,94.45
9717-WXVSB,,Male,0,No,No,1,Yes,No,No,No internet service,No internet service,No internet service,No internet service,No internet service,No internet service,Month-to-month,No,Mailed check,18.9,18.9
9722-ZVQUQ,,Female,0,Yes,Yes,14,Yes,No,Fiber optic,No,No,No,No,No,Yes,Month-to-month,Yes,Bank transfer (automatic),80.9,1152.8
9724-BFUOP,,Female,0,No,No,8,Yes,Yes,Fiber optic,No,No,No,No,No,No,Month-to-month,Yes,Credit card (automatic),74.6,548.9
9825-GXXPV,,Male,0,Yes,Yes,59,Yes,No,No,No internet service,No internet service,No internet service,No internet service,No internet service,No internet service,Two year,No,Mailed check,19.5,1147.85
9839-SEMQN,,Male,0,Yes,Yes,5,Yes,Yes,DSL,Yes,Yes,No,Yes,No,No,Month-to-month,No,Credit card (automatic),64.4,316.9
9840-GSRFX,,Female,0,No,No,14,Yes,Yes,DSL,No,Yes,No,No,No,No,One year,Yes,Mailed check,54.25,773.2
9872-RZQQB,,Female,0,Yes,No,49,No,No phone service,DSL,Yes,No,No,No,Yes,No,Month-to-month,No,Bank transfer (automatic),40.65,2070.75
9920-GNDMB,,Male,0,No,No,9,Yes,Yes,Fiber optic,No,No,No,No,No,No,Month-to-month,Yes,Electronic check,76.25,684.85
9955-RVWSC,,Female,0,Yes,Yes,67,Yes,No,No,No internet service,No internet service,No internet service,No internet service,No internet service,No internet service,Two year,Yes,Bank transfer (automatic),19.25,1372.9
9966-VYRTZ,,Female,0,Yes,Yes,31,Yes,No,No,No internet service,No internet service,No internet service,No internet service,No internet service,No internet service,Month-to-month,Yes,Mailed check,19.55,658.95
